INSERT INTO Customers VALUES
('William John','360-676-8133','WilliamJohn@walla.com','Wisconsin','2427 Mutton Town Road'),
('James Jacob','517-960-5221','JamesJacob@walla.com','New York City','3136 Ben Street'),
('Christopher Joshua','215-778-1536','ChristopherJoshua@walla.com','New York City','361 Tipple Road'),
('Jackson Jayden','619-941-7280','JacksonJayden@walla.com','New York City','2028 Ocello Street'),
('Ethan James','517-324-9421','EthanJames@walla.com','New York City','240 Amethyst Drive'),
('Tyler Aiden','267-728-8318','TylerAiden@gmail.com','New York City','1734 Linda Street'),
('Anthony Daniel','253-376-5868','AnthonyDaniel@gmail.com','Los Angeles','2841 Hillcrest Drive'),
('Alexander Jose','602-729-2015','AlexanderJose@gmail.com','Los Angeles','466 Dogwood Road'),
('David Andrew','269-737-2498','DavidAndrew@gmail.com','Los Angeles','4838 Echo Lane'),
('Ryan Matthew','330-355-6399','RyanMatthew@gmail.com','Los Angeles','1403 Derek Drive'),
('Emma Madison','504-455-8248','EmmaMadison@gmail.com','Chicago','4390 Paul Wayne Haggerty Road'),
('Ava Addison','803-383-1539','Ava Addison@gmail.com','Chicago','2376 Still Pastures Drive'),
('Chloe Hannah','716-858-5631','ChloeHannah@gmail.com','Chicago','472 Jarvis Street'),
('Elizabeth Madison','727-576-2126','Elizabeth Madison@gmail.com','Houston ','2172 Maryland Avenue'),
('Alyssa Kent','409-781-4269','AlyssaKent@gmail.com','Houston ','665 Lynn Ogden Lane'),
('Sophia Addison','608-464-9255','SophiaAddison@yahoo.com','Phoenix ','4796 Lauren Drive'),
('Olivia Mia','626-588-5116','OliviaMia@yahoo.com','Philadelphia ','4487 Nickel Road'),
('Chloe Anna','419-248-9293','ChloeAnna@yahoo.com','Philadelphia ','3207 Davis Place'),
('Emily Madison','707-216-0977','EmilyMadison@yahoo.com','San Antonio','1069 Hillview Drive'),
('Grace Abigail','936-468-8686','GraceAbigail@yahoo.com','Wisconsin','2427 Mutton Town Road');


INSERT INTO Store VALUES
('Wisconsin'),
('New York City'),
('Chicago'),
('Houston'),
('Los Angeles'),
('Phoenix'),
('Philadelphia'),
('San Antonio');


INSERT INTO Employees VALUES
('1','Donnie Wade','727-787-6569','DonnieGWade@teleworm.us','Wisconsin','2352 County Line Road'),
('2','James Curlee','813-371-9336','JamesMCurlee@rhyta.com','New York City','3975 Marion Drive'),
('2','Edgar Okeefe','520-566-5948','EdgarLOkeefe@dayrep.com','New York City','4244 Dogwood Lane'),
('3','Lonnie Delk','989-708-8753','LonnieSDelk@jourrapide.com','Chicago','4912 Ripple Street'),
('3','Alex Simpson','952-472-1738','AlexMSimpson@rhyta.com','Chicago','2029 Oral Lake Road'),
('4','Charles Espinoza','731-414-6359','CharlesAEspinoza@teleworm.us','Houston','1932 Melville Street'),
('4','Eric Wilson','805-350-4363','EricEWilson@armyspy.com','Houston','2434 Euclid Avenue'),
('5','Larry Martinez','662-370-9345','LarrySMartinez@jourrapide.com','Los Angeles','4268 Brownton Road'),
('5','Anita Hamilton','626-813-1532','AnitaTHamilton@dayrep.com','Los Angeles','4695 Providence Lane'),
('6','Teri Radtke','845-369-4110','TeriBRadtke@dayrep.com','Phoenix','1610 Benedum Drive'),
('6','Marie Woolford','801-929-8260','MarieBWoolford@rhyta.com','Phoenix','2782 Kemper Lane'),
('7','Juanita Taylor','847-644-6941','JuanitaJTaylor@teleworm.us','Philadelphia','4902 Vine Street'),
('7','Robin Davis','972-815-5994','RobinGDavis@teleworm.us','Philadelphia','1000 Ash Street'),
('8','Garrett Vazquez','408-858-7158','GarrettLVazquez@rhyta.com','San Antonio','4112 Sycamore Street'),
('8','Patrick Hollis','734-464-8460','PatrickLHollis@rhyta.com','San Antonio','1890 Charles Street');


INSERT INTO Movies VALUES
('Girl Of The Prison' , '90','30'),
('Trees And Slaves' , '120','25'),
('Escaping The Night' , '115','35'),
('Weep For The Ships' , '90','25'),
('Frightened Of The Traitors' , '125','35'),
('Clinging To The Prisoners' , '110','30'),
('Ignorance Of The Plan' , '90','30'),
('Adventure In The President' , '110','20'),
('My Fish' , '60','20'),
('Happy With My Mom' , '45','20'),
('Answering To The Chasm' , '140','35'),
('Winning The Moon' , '160','35'),
('Hunted By The River' , '90','25');


INSERT INTO MoviesCategory VALUES
('1','Adventure'),
('2','Adventure'),
('3','Adventure'),
('4','Drama'),
('5','Drama'),
('6','Drama'),
('7','Humor'),
('8','Humor'),
('9','Children'),
('10','Children'),
('11','Fantasy'),
('12','Fantasy'),
('13','Romance');


INSERT INTO Rentals (CustomerID,MovieID,StoreID) VALUES
(1,1,1),
(1,1,2),
(1,2,1),
(2,2,1),
(2,1,2),
(3,3,3),
(3,3,4),
(4,1,6),
(4,9,4),
(4,8,3),
(5,10,8),
(5,7,1),
(5,9,2),
(6,13,7),
(6,7,8),
(7,7,8),
(7,1,7),
(7,13,6),
(8,7,8),
(8,10,4),
(8,9,5),
(9,7,8),
(9,12,3),
(9,10,1),
(9,6,7),
(10,8,7),
(10,10,8),
(11,1,6),
(12,6,7),
(13,2,2),
(14,5,2),
(15,5,2),
(16,6,3),
(17,7,7),
(18,11,3),
(19,5,5),
(20,1,5),
(11,2,7),
(12,5,6),
(13,3,3),
(14,4,4),
(15,6,1),
(16,7,4),
(17,8,8),
(18,12,3),
(19,6,6),
(20,2,5);
